{"BasicSettingController":{"Data":{"ProgramToRun":"C:\\Users\\tapuc\\source\\repos\\lab2_4\\x64\\Debug\\lab2_4.exe","OptionalWorkingDirectory":"C:\\Users\\tapuc\\source\\repos\\lab2_4\\lab2_4\\","Arguments":"","CompileBeforeRunning":true,"OptimizedBuild":false},"IsSelectedByProjectPath":{"lab2_4\\lab2_4.vcxproj":true}},"FilterSettingController":{"AdditionalSourcePatterns":[],"AdditionalModulePatterns":[],"ExcludedSourcePatterns":[],"ExcludedModulePatterns":[],"UnifiedDiffs":[]},"ImportExportSettingController":{"Exports":[],"InputCoverages":[],"CoverChildrenProcesses":false,"AggregateByFile":true},"MiscellaneousSettingController":{"OptionalConfigFile":null,"LogTypeValue":0,"ContinueAfterCppExceptions":false}}