<?xml version="1.0" encoding="UTF-8"?>
<Configuration status="warn">
    <Appenders>
        <Console name="Console" target="SYSTEM_OUT">
            <PatternLayout pattern="%d{DATE} %-5level %class{36} %L %M - %msg%n"/>
        </Console>
        <File name="FileLog" fileName="target/app.log" append="true">
            <PatternLayout pattern="%d{DATE} %-5level %class{36} %L %M - %msg%n"/>
        </File>
    </Appenders>
    <Loggers>
        <Root level="debug">
            <AppenderRef ref="Console"/>
            <AppenderRef ref="FileLog"/>
        </Root>
    </Loggers>
</Configuration>